{
  "name": "sft-baseline",
  "gold_n": 139,
  "nonempty_n": 59,
  "plain": {
    "full": {
      "precision": 0.2910662824207493,
      "recall": 0.6121212121212121,
      "f1": 0.39453125,
      "hallucination": 0.15273775216138327,
      "direction_acc": 0.49645390070921985,
      "invalid": 0
    },
    "nonempty": {
      "precision": 0.531578947368421,
      "recall": 0.6121212121212121,
      "f1": 0.5690140845070423,
      "hallucination": 0.04736842105263158,
      "direction_acc": 0.49645390070921985,
      "invalid": 0
    },
    "nonempty_n": 59
  },
  "canon": {
    "full": {
      "precision": 0.3025936599423631,
      "recall": 0.6363636363636364,
      "f1": 0.41015624999999994,
      "hallucination": 0.15273775216138327,
      "direction_acc": 0.5106382978723404,
      "invalid": 0
    },
    "nonempty": {
      "precision": 0.5526315789473685,
      "recall": 0.6363636363636364,
      "f1": 0.5915492957746479,
      "hallucination": 0.04736842105263158,
      "direction_acc": 0.5106382978723404,
      "invalid": 0
    },
    "nonempty_n": 59
  }
}