{
  "all": {
    "precision": 0.2848101265822785,
    "recall": 0.75,
    "f1": 0.4128440366972478,
    "hallucination": 0.189873417721519,
    "direction_acc": 0.7083333333333334,
    "invalid": 1
  },
  "nonempty": {
    "precision": 0.625,
    "recall": 0.75,
    "f1": 0.6818181818181818,
    "hallucination": 0.0625,
    "direction_acc": 0.7083333333333334,
    "invalid": 0
  },
  "n": 153,
  "n_nonempty": 49,
  "model": "/home/wallfacers/project/weft-lineage-weights/run-distill-3b/merged"
}