{
  "all": {
    "precision": 0.75,
    "recall": 0.7610993657505285,
    "f1": 0.7555089192025184,
    "hallucination": 0.01875,
    "direction_acc": 0.758985200845666,
    "invalid": 6,
    "col_precision": 0.9253875968992248,
    "col_recall": 0.6604426002766252,
    "col_f1": 0.7707828894269572,
    "col_hallucination": 0.03972868217054264,
    "col_eval_tables": 282
  },
  "nonempty": {
    "precision": 0.8955223880597015,
    "recall": 0.7610993657505285,
    "f1": 0.8228571428571428,
    "hallucination": 0.004975124378109453,
    "direction_acc": 0.758985200845666,
    "invalid": 5,
    "col_precision": 0.9253875968992248,
    "col_recall": 0.6604426002766252,
    "col_f1": 0.7707828894269572,
    "col_hallucination": 0.03972868217054264,
    "col_eval_tables": 282
  },
  "n": 399,
  "n_nonempty": 129,
  "model": "out/run-tri-14b-lw4/merged"
}