{
  "n_total": 139,
  "n_nonempty": 59,
  "ne_true_tables": 141,
  "ungated": {
    "n_fire": 57,
    "full": {
      "precision": 0.34459459459459457,
      "recall": 0.3090909090909091,
      "f1": 0.3258785942492013,
      "hallucination": 0.12162162162162163,
      "direction_acc": 0.2624113475177305,
      "invalid": 0
    },
    "nonempty": {
      "precision": 0.51,
      "recall": 0.3090909090909091,
      "f1": 0.38490566037735846,
      "hallucination": 0.13,
      "direction_acc": 0.2624113475177305,
      "invalid": 0
    },
    "n_territory": 21,
    "territory_true_tables": 46
  },
  "gated": {
    "n_fire": 22,
    "full": {
      "precision": 0.5106382978723404,
      "recall": 0.14545454545454545,
      "f1": 0.22641509433962267,
      "hallucination": 0.0,
      "direction_acc": 0.1276595744680851,
      "invalid": 0
    },
    "nonempty": {
      "precision": 0.7058823529411765,
      "recall": 0.14545454545454545,
      "f1": 0.2412060301507538,
      "hallucination": 0.0,
      "direction_acc": 0.1276595744680851,
      "invalid": 0
    },
    "n_territory": 43,
    "territory_true_tables": 102
  },
  "union": {
    "union_recall": 0.8368794326241135,
    "agree_precision": 1.0,
    "agree_recall": 0.16312056737588654,
    "cand_per_script": 2.6610169491525424,
    "n_agree": 23,
    "n_cand": 157
  }
}